model,reasoning_type,complexity,mean,ci_lower,ci_upper,ci_width,n_samples
SmolLM3_3B,conflicting,1,0.5,0.3333333333333333,0.6674999999999992,0.3341666666666659,30
SmolLM3_3B,conflicting,2,0.36666666666666664,0.2,0.5666666666666667,0.36666666666666664,30
SmolLM3_3B,conflicting,3,0.3,0.13333333333333333,0.4666666666666667,0.33333333333333337,30
SmolLM3_3B,conflicting,4,0.2,0.06666666666666667,0.3333333333333333,0.26666666666666666,30
SmolLM3_3B,hierarchical,1,0.875,0.6875,1.0,0.3125,16
SmolLM3_3B,hierarchical,2,0.55,0.38291666666666707,0.7166666666666667,0.3337499999999996,30
SmolLM3_3B,hierarchical,3,0.62,0.4533333333333333,0.7733333333333334,0.3200000000000001,30
SmolLM3_3B,hierarchical,4,0.5666666666666667,0.4,0.7333333333333333,0.33333333333333326,30
SmolLM3_3B,multihop,1,0.5,0.25,0.75,0.5,16
SmolLM3_3B,multihop,2,0.2833333333333333,0.13333333333333333,0.43333333333333335,0.30000000000000004,30
SmolLM3_3B,multihop,3,0.13333333333333333,0.03333333333333333,0.3,0.26666666666666666,30
SmolLM3_3B,multihop,4,0.0,0.0,0.0,0.0,30
SmolLM3_3B,temporal,1,0.35714285714285715,0.17857142857142858,0.5357142857142857,0.3571428571428571,28
SmolLM3_3B,temporal,2,0.4304761904761905,0.2571428571428572,0.600095238095238,0.34295238095238084,30
SmolLM3_3B,temporal,3,0.3377777777777778,0.18333333333333332,0.48777777777777775,0.3044444444444444,30
SmolLM3_3B,temporal,4,0.4990476190476191,0.32554761904761914,0.6667619047619047,0.3412142857142855,30
SmolLM3_3B,weighted,1,0.625,0.375,0.875,0.5,16
SmolLM3_3B,weighted,2,0.3244444444444445,0.17994444444444452,0.49116666666666664,0.3112222222222221,30
SmolLM3_3B,weighted,3,0.21944444444444444,0.1,0.3668055555555554,0.2668055555555554,30
SmolLM3_3B,weighted,4,0.23333333333333334,0.1,0.4,0.30000000000000004,30
claude_3_5_haiku_20241022,conflicting,1,0.7333333333333333,0.5666666666666667,0.8674999999999993,0.3008333333333326,30
claude_3_5_haiku_20241022,conflicting,2,0.8333333333333334,0.7,0.9333333333333333,0.2333333333333334,30
claude_3_5_haiku_20241022,conflicting,3,0.7666666666666667,0.6,0.9,0.30000000000000004,30
claude_3_5_haiku_20241022,conflicting,4,0.5,0.3333333333333333,0.6666666666666666,0.3333333333333333,30
claude_3_5_haiku_20241022,hierarchical,1,0.9375,0.8125,1.0,0.1875,16
claude_3_5_haiku_20241022,hierarchical,2,0.7333333333333333,0.5666666666666667,0.9,0.33333333333333337,30
claude_3_5_haiku_20241022,hierarchical,3,0.8666666666666667,0.7333333333333333,0.9666666666666667,0.2333333333333334,30
claude_3_5_haiku_20241022,hierarchical,4,0.9333333333333333,0.8333333333333334,1.0,0.16666666666666663,30
claude_3_5_haiku_20241022,multihop,1,0.875,0.6875,1.0,0.3125,16
claude_3_5_haiku_20241022,multihop,2,0.8,0.6333333333333333,0.9333333333333333,0.30000000000000004,30
claude_3_5_haiku_20241022,multihop,3,0.6,0.43333333333333335,0.7666666666666667,0.33333333333333337,30
claude_3_5_haiku_20241022,multihop,4,0.2,0.06666666666666667,0.3341666666666659,0.26749999999999924,30
claude_3_5_haiku_20241022,temporal,1,0.6785714285714286,0.5,0.8214285714285714,0.3214285714285714,28
claude_3_5_haiku_20241022,temporal,2,0.6333333333333333,0.4666666666666667,0.8,0.33333333333333337,30
claude_3_5_haiku_20241022,temporal,3,0.7888888888888889,0.6333333333333333,0.9222222222222222,0.28888888888888886,30
claude_3_5_haiku_20241022,temporal,4,0.7666666666666667,0.6333333333333333,0.9,0.2666666666666667,30
claude_3_5_haiku_20241022,weighted,1,0.875,0.6875,1.0,0.3125,16
claude_3_5_haiku_20241022,weighted,2,0.6511111111111112,0.49552777777777784,0.8066944444444444,0.31116666666666654,30
claude_3_5_haiku_20241022,weighted,3,0.5634259259259259,0.3925925925925926,0.724548611111111,0.3319560185185184,30
claude_3_5_haiku_20241022,weighted,4,0.6522222222222224,0.4788611111111112,0.7967222222222222,0.31786111111111104,30
claude_3_7_sonnet_20250219,conflicting,1,0.8,0.6666666666666666,0.9333333333333333,0.2666666666666667,30
claude_3_7_sonnet_20250219,conflicting,2,0.8333333333333334,0.7,0.9333333333333333,0.2333333333333334,30
claude_3_7_sonnet_20250219,conflicting,3,0.8666666666666667,0.7333333333333333,0.9666666666666667,0.2333333333333334,30
claude_3_7_sonnet_20250219,conflicting,4,0.7666666666666667,0.6333333333333333,0.9,0.2666666666666667,30
claude_3_7_sonnet_20250219,hierarchical,1,1.0,1.0,1.0,0.0,16
claude_3_7_sonnet_20250219,hierarchical,2,0.9,0.8,1.0,0.19999999999999996,30
claude_3_7_sonnet_20250219,hierarchical,3,0.8,0.6333333333333333,0.9333333333333333,0.30000000000000004,30
claude_3_7_sonnet_20250219,hierarchical,4,0.8333333333333334,0.7,0.9666666666666667,0.2666666666666667,30
claude_3_7_sonnet_20250219,multihop,1,1.0,1.0,1.0,0.0,16
claude_3_7_sonnet_20250219,multihop,2,0.9666666666666667,0.9,1.0,0.09999999999999998,30
claude_3_7_sonnet_20250219,multihop,3,0.8,0.6333333333333333,0.9333333333333333,0.30000000000000004,30
claude_3_7_sonnet_20250219,multihop,4,0.26666666666666666,0.1,0.43333333333333335,0.33333333333333337,30
claude_3_7_sonnet_20250219,temporal,1,0.7857142857142857,0.6071428571428571,0.9285714285714286,0.3214285714285715,28
claude_3_7_sonnet_20250219,temporal,2,0.8,0.6333333333333333,0.9333333333333333,0.30000000000000004,30
claude_3_7_sonnet_20250219,temporal,3,0.8333333333333334,0.7,0.9666666666666667,0.2666666666666667,30
claude_3_7_sonnet_20250219,temporal,4,0.9666666666666667,0.9,1.0,0.09999999999999998,30
claude_3_7_sonnet_20250219,weighted,1,0.9375,0.8125,1.0,0.1875,16
claude_3_7_sonnet_20250219,weighted,2,0.7666666666666667,0.6,0.9008333333333326,0.3008333333333326,30
claude_3_7_sonnet_20250219,weighted,3,0.7,0.5333333333333333,0.8333333333333334,0.30000000000000004,30
claude_3_7_sonnet_20250219,weighted,4,0.73,0.5833333333333334,0.8666666666666667,0.2833333333333333,30
claude_sonnet_4_20250514,conflicting,1,0.9666666666666667,0.9,1.0,0.09999999999999998,30
claude_sonnet_4_20250514,conflicting,2,0.9666666666666667,0.9,1.0,0.09999999999999998,30
claude_sonnet_4_20250514,conflicting,3,0.9333333333333333,0.8333333333333334,1.0,0.16666666666666663,30
claude_sonnet_4_20250514,conflicting,4,0.9666666666666667,0.9,1.0,0.09999999999999998,30
claude_sonnet_4_20250514,hierarchical,1,1.0,1.0,1.0,0.0,16
claude_sonnet_4_20250514,hierarchical,2,0.9333333333333333,0.8333333333333334,1.0,0.16666666666666663,30
claude_sonnet_4_20250514,hierarchical,3,0.7266666666666667,0.5533333333333333,0.8666666666666667,0.31333333333333335,30
claude_sonnet_4_20250514,hierarchical,4,0.9666666666666667,0.9,1.0,0.09999999999999998,30
claude_sonnet_4_20250514,multihop,1,1.0,1.0,1.0,0.0,16
claude_sonnet_4_20250514,multihop,2,0.9333333333333333,0.8333333333333334,1.0,0.16666666666666663,30
claude_sonnet_4_20250514,multihop,3,0.9166666666666666,0.8166666666666667,1.0,0.18333333333333335,30
claude_sonnet_4_20250514,multihop,4,0.8166666666666667,0.6666666666666666,0.9333333333333333,0.2666666666666667,30
claude_sonnet_4_20250514,temporal,1,0.8571428571428571,0.7142857142857143,0.9642857142857143,0.25,28
claude_sonnet_4_20250514,temporal,2,0.7666666666666667,0.6,0.9,0.30000000000000004,30
claude_sonnet_4_20250514,temporal,3,0.8333333333333334,0.7,0.9666666666666667,0.2666666666666667,30
claude_sonnet_4_20250514,temporal,4,0.9,0.8,1.0,0.19999999999999996,30
claude_sonnet_4_20250514,weighted,1,1.0,1.0,1.0,0.0,16
claude_sonnet_4_20250514,weighted,2,0.7333333333333333,0.5666666666666667,0.8666666666666667,0.30000000000000004,30
claude_sonnet_4_20250514,weighted,3,0.6916666666666667,0.5333333333333333,0.8418749999999998,0.3085416666666665,30
claude_sonnet_4_20250514,weighted,4,0.7033333333333333,0.5466666666666666,0.8468333333333331,0.30016666666666647,30
claude_sonnet_4_5_20250929,conflicting,1,0.9333333333333333,0.8333333333333334,1.0,0.16666666666666663,30
claude_sonnet_4_5_20250929,conflicting,2,0.9,0.8,1.0,0.19999999999999996,30
claude_sonnet_4_5_20250929,conflicting,3,0.9333333333333333,0.8333333333333334,1.0,0.16666666666666663,30
claude_sonnet_4_5_20250929,conflicting,4,0.8333333333333334,0.6991666666666674,0.9666666666666667,0.2674999999999993,30
claude_sonnet_4_5_20250929,hierarchical,1,1.0,1.0,1.0,0.0,16
claude_sonnet_4_5_20250929,hierarchical,2,1.0,1.0,1.0,0.0,30
claude_sonnet_4_5_20250929,hierarchical,3,0.9666666666666667,0.9,1.0,0.09999999999999998,30
claude_sonnet_4_5_20250929,hierarchical,4,1.0,1.0,1.0,0.0,30
claude_sonnet_4_5_20250929,multihop,1,1.0,1.0,1.0,0.0,16
claude_sonnet_4_5_20250929,multihop,2,0.9333333333333333,0.8333333333333334,1.0,0.16666666666666663,30
claude_sonnet_4_5_20250929,multihop,3,0.8666666666666667,0.7333333333333333,0.9666666666666667,0.2333333333333334,30
claude_sonnet_4_5_20250929,multihop,4,0.9,0.7666666666666667,1.0,0.23333333333333328,30
claude_sonnet_4_5_20250929,temporal,1,0.7857142857142857,0.6071428571428571,0.9285714285714286,0.3214285714285715,28
claude_sonnet_4_5_20250929,temporal,2,0.7333333333333333,0.5666666666666667,0.8666666666666667,0.30000000000000004,30
claude_sonnet_4_5_20250929,temporal,3,0.8666666666666667,0.7333333333333333,0.9666666666666667,0.2333333333333334,30
claude_sonnet_4_5_20250929,temporal,4,0.9,0.8,1.0,0.19999999999999996,30
claude_sonnet_4_5_20250929,weighted,1,1.0,1.0,1.0,0.0,16
claude_sonnet_4_5_20250929,weighted,2,0.7833333333333333,0.6166666666666667,0.9166666666666666,0.29999999999999993,30
claude_sonnet_4_5_20250929,weighted,3,0.7814814814814814,0.6332407407407408,0.9148148148148147,0.281574074074074,30
claude_sonnet_4_5_20250929,weighted,4,0.7799999999999999,0.65,0.8966666666666666,0.2466666666666666,30
gemini_2_0_flash,conflicting,1,0.8,0.6333333333333333,0.9333333333333333,0.30000000000000004,30
gemini_2_0_flash,conflicting,2,0.9333333333333333,0.8333333333333334,1.0,0.16666666666666663,30
gemini_2_0_flash,conflicting,3,0.7666666666666667,0.6,0.9,0.30000000000000004,30
gemini_2_0_flash,conflicting,4,0.5,0.3,0.7,0.39999999999999997,30
gemini_2_0_flash,hierarchical,1,0.875,0.6875,1.0,0.3125,16
gemini_2_0_flash,hierarchical,2,0.8333333333333334,0.7,0.9341666666666659,0.23416666666666597,30
gemini_2_0_flash,hierarchical,3,0.8666666666666667,0.7333333333333333,0.9666666666666667,0.2333333333333334,30
gemini_2_0_flash,hierarchical,4,0.9,0.7666666666666667,1.0,0.23333333333333328,30
gemini_2_0_flash,multihop,1,1.0,1.0,1.0,0.0,16
gemini_2_0_flash,multihop,2,0.7666666666666667,0.6,0.9,0.30000000000000004,30
gemini_2_0_flash,multihop,3,0.5333333333333333,0.36666666666666664,0.7,0.3333333333333333,30
gemini_2_0_flash,multihop,4,0.4388888888888889,0.26666666666666666,0.6,0.3333333333333333,30
gemini_2_0_flash,temporal,1,0.75,0.6062500000000007,0.8928571428571429,0.28660714285714217,28
gemini_2_0_flash,temporal,2,0.8,0.6333333333333333,0.9333333333333333,0.30000000000000004,30
gemini_2_0_flash,temporal,3,0.9333333333333333,0.8333333333333334,1.0,0.16666666666666663,30
gemini_2_0_flash,temporal,4,0.9,0.7666666666666667,1.0,0.23333333333333328,30
gemini_2_0_flash,weighted,1,1.0,1.0,1.0,0.0,16
gemini_2_0_flash,weighted,2,0.6,0.43333333333333335,0.7666666666666667,0.33333333333333337,30
gemini_2_0_flash,weighted,3,0.5333333333333333,0.3664583333333335,0.7,0.33354166666666646,30
gemini_2_0_flash,weighted,4,0.7,0.5465000000000001,0.8666666666666667,0.3201666666666666,30
gemini_2_5_flash,conflicting,1,0.9666666666666667,0.9,1.0,0.09999999999999998,30
gemini_2_5_flash,conflicting,2,0.9666666666666667,0.9,1.0,0.09999999999999998,30
gemini_2_5_flash,conflicting,3,1.0,1.0,1.0,0.0,30
gemini_2_5_flash,conflicting,4,0.8333333333333334,0.7,0.9666666666666667,0.2666666666666667,30
gemini_2_5_flash,hierarchical,1,0.8125,0.625,1.0,0.375,16
gemini_2_5_flash,hierarchical,2,0.9333333333333333,0.8333333333333334,1.0,0.16666666666666663,30
gemini_2_5_flash,hierarchical,3,0.8666666666666667,0.7333333333333333,0.9666666666666667,0.2333333333333334,30
gemini_2_5_flash,hierarchical,4,0.9,0.7666666666666667,1.0,0.23333333333333328,30
gemini_2_5_flash,multihop,1,1.0,1.0,1.0,0.0,16
gemini_2_5_flash,multihop,2,0.8,0.6666666666666666,0.9333333333333333,0.2666666666666667,30
gemini_2_5_flash,multihop,3,0.7222222222222222,0.5555555555555555,0.8666666666666667,0.3111111111111112,30
gemini_2_5_flash,multihop,4,0.5,0.3333333333333333,0.6674999999999992,0.3341666666666659,30
gemini_2_5_flash,temporal,1,0.7857142857142857,0.6071428571428571,0.9285714285714286,0.3214285714285715,28
gemini_2_5_flash,temporal,2,0.7333333333333333,0.5666666666666667,0.9,0.33333333333333337,30
gemini_2_5_flash,temporal,3,0.8666666666666667,0.7333333333333333,0.9666666666666667,0.2333333333333334,30
gemini_2_5_flash,temporal,4,0.9,0.7666666666666667,1.0,0.23333333333333328,30
gemini_2_5_flash,weighted,1,0.9375,0.8125,1.0,0.1875,16
gemini_2_5_flash,weighted,2,0.8333333333333334,0.6666666666666666,0.9666666666666667,0.30000000000000004,30
gemini_2_5_flash,weighted,3,0.6962962962962963,0.5295370370370371,0.8592592592592593,0.32972222222222214,30
gemini_2_5_flash,weighted,4,0.66,0.49333333333333335,0.8133333333333334,0.32,30
gemini_3_flash_preview,conflicting,1,0.9666666666666667,0.9,1.0,0.09999999999999998,30
gemini_3_flash_preview,conflicting,2,0.9333333333333333,0.8333333333333334,1.0,0.16666666666666663,30
gemini_3_flash_preview,conflicting,3,0.9,0.8,1.0,0.19999999999999996,30
gemini_3_flash_preview,conflicting,4,0.9,0.7991666666666675,1.0,0.20083333333333253,30
gemini_3_flash_preview,hierarchical,1,1.0,1.0,1.0,0.0,16
gemini_3_flash_preview,hierarchical,2,1.0,1.0,1.0,0.0,30
gemini_3_flash_preview,hierarchical,3,1.0,1.0,1.0,0.0,30
gemini_3_flash_preview,hierarchical,4,1.0,1.0,1.0,0.0,30
gemini_3_flash_preview,multihop,1,1.0,1.0,1.0,0.0,16
gemini_3_flash_preview,multihop,2,0.8833333333333333,0.7666666666666667,0.9833333333333333,0.21666666666666656,30
gemini_3_flash_preview,multihop,3,0.95,0.8666666666666667,1.0,0.1333333333333333,30
gemini_3_flash_preview,multihop,4,0.6666666666666666,0.5166666666666667,0.8,0.2833333333333333,30
gemini_3_flash_preview,temporal,1,0.8571428571428571,0.7142857142857143,0.9642857142857143,0.25,28
gemini_3_flash_preview,temporal,2,0.7333333333333333,0.5666666666666667,0.9,0.33333333333333337,30
gemini_3_flash_preview,temporal,3,0.8,0.6333333333333333,0.9333333333333333,0.30000000000000004,30
gemini_3_flash_preview,temporal,4,0.8666666666666667,0.7333333333333333,0.9666666666666667,0.2333333333333334,30
gemini_3_flash_preview,weighted,1,1.0,1.0,1.0,0.0,16
gemini_3_flash_preview,weighted,2,0.95,0.8666666666666667,1.0,0.1333333333333333,30
gemini_3_flash_preview,weighted,3,0.9333333333333333,0.85,1.0,0.15000000000000002,30
gemini_3_flash_preview,weighted,4,0.7966666666666666,0.64325,0.9266666666666666,0.28341666666666665,30
gemini_3_pro_preview,conflicting,1,1.0,1.0,1.0,0.0,30
gemini_3_pro_preview,conflicting,2,0.9666666666666667,0.9,1.0,0.09999999999999998,30
gemini_3_pro_preview,conflicting,3,1.0,1.0,1.0,0.0,30
gemini_3_pro_preview,conflicting,4,1.0,1.0,1.0,0.0,30
gemini_3_pro_preview,hierarchical,1,0.9375,0.8125,1.0,0.1875,16
gemini_3_pro_preview,hierarchical,2,0.9666666666666667,0.9,1.0,0.09999999999999998,30
gemini_3_pro_preview,hierarchical,3,0.9333333333333333,0.8333333333333334,1.0,0.16666666666666663,30
gemini_3_pro_preview,hierarchical,4,1.0,1.0,1.0,0.0,30
gemini_3_pro_preview,multihop,1,1.0,1.0,1.0,0.0,16
gemini_3_pro_preview,multihop,2,0.8666666666666667,0.7333333333333333,0.9666666666666667,0.2333333333333334,30
gemini_3_pro_preview,multihop,3,0.9,0.8,1.0,0.19999999999999996,30
gemini_3_pro_preview,multihop,4,0.9,0.8,1.0,0.19999999999999996,30
gemini_3_pro_preview,temporal,1,0.7857142857142857,0.6428571428571429,0.9285714285714286,0.2857142857142857,28
gemini_3_pro_preview,temporal,2,0.7,0.5333333333333333,0.8666666666666667,0.33333333333333337,30
gemini_3_pro_preview,temporal,3,0.8333333333333334,0.7,0.9666666666666667,0.2666666666666667,30
gemini_3_pro_preview,temporal,4,0.9333333333333333,0.8333333333333334,1.0,0.16666666666666663,30
gemini_3_pro_preview,weighted,1,1.0,1.0,1.0,0.0,16
gemini_3_pro_preview,weighted,2,0.85,0.7,1.0,0.30000000000000004,20
gemini_3_pro_preview,weighted,3,0.962962962962963,0.8962037037037037,1.0,0.10379629629629628,30
gemini_3_pro_preview,weighted,4,0.8333333333333334,0.7,0.9666666666666667,0.2666666666666667,30
gpt_4o,conflicting,1,0.8333333333333334,0.7,0.9666666666666667,0.2666666666666667,30
gpt_4o,conflicting,2,0.8333333333333334,0.6991666666666674,0.9333333333333333,0.23416666666666597,30
gpt_4o,conflicting,3,0.7333333333333333,0.5666666666666667,0.8666666666666667,0.30000000000000004,30
gpt_4o,conflicting,4,0.5666666666666667,0.4,0.7333333333333333,0.33333333333333326,30
gpt_4o,hierarchical,1,1.0,1.0,1.0,0.0,16
gpt_4o,hierarchical,2,0.9666666666666667,0.9,1.0,0.09999999999999998,30
gpt_4o,hierarchical,3,0.8666666666666667,0.7333333333333333,0.9666666666666667,0.2333333333333334,30
gpt_4o,hierarchical,4,0.9833333333333333,0.95,1.0,0.050000000000000044,30
gpt_4o,multihop,1,1.0,1.0,1.0,0.0,16
gpt_4o,multihop,2,0.7666666666666667,0.6166666666666667,0.9,0.2833333333333333,30
gpt_4o,multihop,3,0.5,0.31666666666666665,0.6670833333333329,0.35041666666666627,30
gpt_4o,multihop,4,0.4,0.23333333333333334,0.5666666666666667,0.3333333333333333,30
gpt_4o,temporal,1,0.7142857142857143,0.5357142857142857,0.8928571428571429,0.3571428571428572,28
gpt_4o,temporal,2,0.6666666666666666,0.5,0.8333333333333334,0.33333333333333337,30
gpt_4o,temporal,3,0.8333333333333334,0.6666666666666666,0.9666666666666667,0.30000000000000004,30
gpt_4o,temporal,4,0.7666666666666667,0.6333333333333333,0.9,0.2666666666666667,30
gpt_4o,weighted,1,1.0,1.0,1.0,0.0,16
gpt_4o,weighted,2,0.7377777777777778,0.5710000000000001,0.8777777777777778,0.3067777777777777,30
gpt_4o,weighted,3,0.6699074074074074,0.5124768518518519,0.8157638888888888,0.30328703703703697,30
gpt_4o,weighted,4,0.6511111111111112,0.47994444444444445,0.8133888888888888,0.3334444444444444,30
gpt_5_2,conflicting,1,0.8,0.6333333333333333,0.9333333333333333,0.30000000000000004,30
gpt_5_2,conflicting,2,0.9666666666666667,0.9,1.0,0.09999999999999998,30
gpt_5_2,conflicting,3,0.8,0.6333333333333333,0.9333333333333333,0.30000000000000004,30
gpt_5_2,conflicting,4,0.7,0.5333333333333333,0.8333333333333334,0.30000000000000004,30
gpt_5_2,hierarchical,1,0.9375,0.8125,1.0,0.1875,16
gpt_5_2,hierarchical,2,0.9,0.7666666666666667,1.0,0.23333333333333328,30
gpt_5_2,hierarchical,3,0.9,0.8,1.0,0.19999999999999996,30
gpt_5_2,hierarchical,4,0.9666666666666667,0.9,1.0,0.09999999999999998,30
gpt_5_2,multihop,1,1.0,1.0,1.0,0.0,16
gpt_5_2,multihop,2,0.7833333333333333,0.6333333333333333,0.9333333333333333,0.30000000000000004,30
gpt_5_2,multihop,3,0.7333333333333333,0.5833333333333334,0.867083333333333,0.2837499999999996,30
gpt_5_2,multihop,4,0.6166666666666667,0.45,0.7833333333333333,0.3333333333333333,30
gpt_5_2,temporal,1,0.75,0.5714285714285714,0.8928571428571429,0.3214285714285715,28
gpt_5_2,temporal,2,0.8333333333333334,0.7,0.9666666666666667,0.2666666666666667,30
gpt_5_2,temporal,3,0.9277777777777778,0.8277777777777778,1.0,0.17222222222222217,30
gpt_5_2,temporal,4,0.9,0.8,1.0,0.19999999999999996,30
gpt_5_2,weighted,1,0.9375,0.8125,1.0,0.1875,16
gpt_5_2,weighted,2,0.6522222222222223,0.51,0.8,0.29000000000000004,30
gpt_5_2,weighted,3,0.625462962962963,0.4634143518518519,0.7819791666666668,0.31856481481481486,30
gpt_5_2,weighted,4,0.7755555555555557,0.6333333333333333,0.9066666666666666,0.2733333333333333,30
gpt_5_mini,conflicting,1,0.9,0.8,1.0,0.19999999999999996,30
gpt_5_mini,conflicting,2,0.9333333333333333,0.8333333333333334,1.0,0.16666666666666663,30
gpt_5_mini,conflicting,3,0.7666666666666667,0.6,0.9,0.30000000000000004,30
gpt_5_mini,conflicting,4,0.6333333333333333,0.4666666666666667,0.8,0.33333333333333337,30
gpt_5_mini,hierarchical,1,1.0,1.0,1.0,0.0,16
gpt_5_mini,hierarchical,2,0.9833333333333333,0.95,1.0,0.050000000000000044,30
gpt_5_mini,hierarchical,3,1.0,1.0,1.0,0.0,30
gpt_5_mini,hierarchical,4,1.0,1.0,1.0,0.0,30
gpt_5_mini,multihop,1,0.6875,0.4375,0.875,0.4375,16
gpt_5_mini,multihop,2,0.7666666666666667,0.6,0.9,0.30000000000000004,30
gpt_5_mini,multihop,3,0.5833333333333334,0.4166666666666667,0.75,0.3333333333333333,30
gpt_5_mini,multihop,4,0.5666666666666667,0.4,0.7333333333333333,0.33333333333333326,30
gpt_5_mini,temporal,1,0.8214285714285714,0.6428571428571429,0.929464285714285,0.28660714285714206,28
gpt_5_mini,temporal,2,0.6333333333333333,0.43333333333333335,0.8,0.3666666666666667,30
gpt_5_mini,temporal,3,0.8333333333333334,0.6666666666666666,0.9666666666666667,0.30000000000000004,30
gpt_5_mini,temporal,4,0.9,0.8,1.0,0.19999999999999996,30
gpt_5_mini,weighted,1,0.9375,0.8125,1.0,0.1875,16
gpt_5_mini,weighted,2,0.7,0.5333333333333333,0.8666666666666667,0.33333333333333337,30
gpt_5_mini,weighted,3,0.4944444444444444,0.3165277777777779,0.6722222222222222,0.35569444444444426,30
gpt_5_mini,weighted,4,0.47333333333333333,0.3,0.6666666666666666,0.36666666666666664,30
gpt_5_nano,conflicting,1,0.43333333333333335,0.26666666666666666,0.6,0.3333333333333333,30
gpt_5_nano,conflicting,2,0.36666666666666664,0.2,0.5333333333333333,0.3333333333333333,30
gpt_5_nano,conflicting,3,0.26666666666666666,0.1,0.43333333333333335,0.33333333333333337,30
gpt_5_nano,conflicting,4,0.13333333333333333,0.03333333333333333,0.26666666666666666,0.23333333333333334,30
gpt_5_nano,hierarchical,1,0.6875,0.4375,0.875,0.4375,16
gpt_5_nano,hierarchical,2,0.5666666666666667,0.4,0.7333333333333333,0.33333333333333326,30
gpt_5_nano,hierarchical,3,0.7666666666666667,0.6,0.9,0.30000000000000004,30
gpt_5_nano,hierarchical,4,0.65,0.4995833333333337,0.8,0.30041666666666633,30
gpt_5_nano,multihop,1,0.5625,0.3125,0.8125,0.5,16
gpt_5_nano,multihop,2,0.43333333333333335,0.26666666666666666,0.6,0.3333333333333333,30
gpt_5_nano,multihop,3,0.2,0.06666666666666667,0.3333333333333333,0.26666666666666666,30
gpt_5_nano,multihop,4,0.3333333333333333,0.16666666666666666,0.5,0.33333333333333337,30
gpt_5_nano,temporal,1,0.7142857142857143,0.5357142857142857,0.8571428571428571,0.3214285714285714,28
gpt_5_nano,temporal,2,0.6388888888888888,0.4666666666666667,0.8,0.33333333333333337,30
gpt_5_nano,temporal,3,0.5988888888888888,0.4421388888888889,0.7600833333333332,0.3179444444444443,30
gpt_5_nano,temporal,4,0.7833333333333333,0.6166666666666667,0.9166666666666666,0.29999999999999993,30
gpt_5_nano,weighted,1,0.9375,0.8125,1.0,0.1875,16
gpt_5_nano,weighted,2,0.6,0.43333333333333335,0.7666666666666667,0.33333333333333337,30
gpt_5_nano,weighted,3,0.2833333333333333,0.13333333333333333,0.4504166666666663,0.31708333333333294,30
gpt_5_nano,weighted,4,0.5333333333333333,0.36666666666666664,0.7,0.3333333333333333,30
