model,reasoning_type,complexity,mean_accuracy,std_accuracy,cv,n_runs
SmolLM3_3B,conflicting,1,0.5,0.17320508075688767,0.34641016151377535,3
SmolLM3_3B,conflicting,2,0.3666666666666667,0.057735026918962595,0.15745916432444343,3
SmolLM3_3B,conflicting,3,0.3,0.17320508075688776,0.5773502691896258,3
SmolLM3_3B,conflicting,4,0.20000000000000004,0.09999999999999999,0.4999999999999999,3
SmolLM3_3B,hierarchical,1,0.9027777777777778,0.08673608331108884,0.09607689228305226,3
SmolLM3_3B,hierarchical,2,0.5333333333333333,0.15275252316519464,0.28641098093473993,3
SmolLM3_3B,hierarchical,3,0.6,0.2,0.33333333333333337,3
SmolLM3_3B,hierarchical,4,0.5,0.09999999999999998,0.19999999999999996,3
SmolLM3_3B,multihop,1,0.5,0.16666666666666666,0.3333333333333333,3
SmolLM3_3B,multihop,2,0.26666666666666666,0.20816659994661327,0.7806247497997998,3
SmolLM3_3B,multihop,3,0.13333333333333333,0.05773502691896258,0.43301270189221935,3
SmolLM3_3B,multihop,4,0.0,0.0,0.0,3
SmolLM3_3B,temporal,1,0.362962962962963,0.36197901401098126,0.997289120234336,3
SmolLM3_3B,temporal,2,0.39999999999999997,0.264575131106459,0.6614378277661476,3
SmolLM3_3B,temporal,3,0.3333333333333333,0.32145502536643183,0.9643650760992956,3
SmolLM3_3B,temporal,4,0.4666666666666666,0.11547005383792512,0.24743582965269673,3
SmolLM3_3B,weighted,1,0.6047619047619048,0.10722219284950195,0.17729653935744413,3
SmolLM3_3B,weighted,2,0.19999999999999998,0.09999999999999999,0.5,3
SmolLM3_3B,weighted,3,0.19999999999999998,0.09999999999999999,0.5,3
SmolLM3_3B,weighted,4,0.2333333333333333,0.1527525231651947,0.6546536707079773,3
claude_3_5_haiku_20241022,conflicting,1,0.7333333333333334,0.2081665999466133,0.28386354538174535,3
claude_3_5_haiku_20241022,conflicting,2,0.8333333333333334,0.11547005383792519,0.1385640646055102,3
claude_3_5_haiku_20241022,conflicting,3,0.7666666666666666,0.05773502691896263,0.07530655685082083,3
claude_3_5_haiku_20241022,conflicting,4,0.5,0.0,0.0,3
claude_3_5_haiku_20241022,hierarchical,1,0.9583333333333334,0.07216878364870323,0.07530655685082076,3
claude_3_5_haiku_20241022,hierarchical,2,0.7333333333333334,0.11547005383792519,0.15745916432444343,3
claude_3_5_haiku_20241022,hierarchical,3,0.8666666666666667,0.05773502691896256,0.06661733875264911,3
claude_3_5_haiku_20241022,hierarchical,4,0.9333333333333332,0.05773502691896257,0.06185895741317419,3
claude_3_5_haiku_20241022,multihop,1,0.9333333333333332,0.11547005383792512,0.12371791482634836,3
claude_3_5_haiku_20241022,multihop,2,0.7999999999999999,0.10000000000000003,0.12500000000000006,3
claude_3_5_haiku_20241022,multihop,3,0.6,0.09999999999999998,0.16666666666666663,3
claude_3_5_haiku_20241022,multihop,4,0.19999999999999998,0.17320508075688773,0.8660254037844387,3
claude_3_5_haiku_20241022,temporal,1,0.6703703703703704,0.2982114034577876,0.44484573996465554,3
claude_3_5_haiku_20241022,temporal,2,0.6333333333333333,0.11547005383792512,0.18232113763882915,3
claude_3_5_haiku_20241022,temporal,3,0.7666666666666666,0.2081665999466133,0.27152165210427825,3
claude_3_5_haiku_20241022,temporal,4,0.7666666666666666,0.2516611478423583,0.3282536710987283,3
claude_3_5_haiku_20241022,weighted,1,0.8690476190476191,0.12542444943872308,0.14432402401168135,3
claude_3_5_haiku_20241022,weighted,2,0.4666666666666666,0.11547005383792512,0.24743582965269673,3
claude_3_5_haiku_20241022,weighted,3,0.46666666666666673,0.2886751345948129,0.6185895741317419,3
claude_3_5_haiku_20241022,weighted,4,0.5333333333333333,0.05773502691896256,0.1082531754730548,3
claude_3_7_sonnet_20250219,conflicting,1,0.8000000000000002,0.10000000000000003,0.12500000000000003,3
claude_3_7_sonnet_20250219,conflicting,2,0.8333333333333334,0.1527525231651947,0.18330302779823363,3
claude_3_7_sonnet_20250219,conflicting,3,0.8666666666666667,0.05773502691896256,0.06661733875264911,3
claude_3_7_sonnet_20250219,conflicting,4,0.7666666666666666,0.11547005383792519,0.15061311370164157,3
claude_3_7_sonnet_20250219,hierarchical,1,1.0,0.0,0.0,3
claude_3_7_sonnet_20250219,hierarchical,2,0.9,0.09999999999999998,0.11111111111111108,3
claude_3_7_sonnet_20250219,hierarchical,3,0.8000000000000002,0.10000000000000003,0.12500000000000003,3
claude_3_7_sonnet_20250219,hierarchical,4,0.8333333333333334,0.05773502691896256,0.06928203230275506,3
claude_3_7_sonnet_20250219,multihop,1,1.0,0.0,0.0,3
claude_3_7_sonnet_20250219,multihop,2,0.9666666666666667,0.05773502691896257,0.05972588991616817,3
claude_3_7_sonnet_20250219,multihop,3,0.7999999999999999,0.10000000000000003,0.12500000000000006,3
claude_3_7_sonnet_20250219,multihop,4,0.26666666666666666,0.1527525231651947,0.5728219618694801,3
claude_3_7_sonnet_20250219,temporal,1,0.7851851851851852,0.22259228446395138,0.2834901736097494,3
claude_3_7_sonnet_20250219,temporal,2,0.7999999999999999,0.264575131106459,0.3307189138830738,3
claude_3_7_sonnet_20250219,temporal,3,0.8333333333333334,0.1527525231651947,0.18330302779823363,3
claude_3_7_sonnet_20250219,temporal,4,0.9666666666666667,0.05773502691896256,0.059725889916168166,3
claude_3_7_sonnet_20250219,weighted,1,0.9333333333333332,0.11547005383792512,0.12371791482634836,3
claude_3_7_sonnet_20250219,weighted,2,0.7333333333333334,0.11547005383792519,0.15745916432444343,3
claude_3_7_sonnet_20250219,weighted,3,0.6999999999999998,0.2,0.2857142857142858,3
claude_3_7_sonnet_20250219,weighted,4,0.6666666666666666,0.1527525231651947,0.22912878474779205,3
claude_sonnet_4_20250514,conflicting,1,0.9666666666666667,0.05773502691896256,0.059725889916168166,3
claude_sonnet_4_20250514,conflicting,2,0.9666666666666667,0.05773502691896256,0.059725889916168166,3
claude_sonnet_4_20250514,conflicting,3,0.9333333333333332,0.05773502691896257,0.06185895741317419,3
claude_sonnet_4_20250514,conflicting,4,0.9666666666666667,0.05773502691896256,0.059725889916168166,3
claude_sonnet_4_20250514,hierarchical,1,1.0,0.0,0.0,3
claude_sonnet_4_20250514,hierarchical,2,0.9333333333333332,0.05773502691896257,0.06185895741317419,3
claude_sonnet_4_20250514,hierarchical,3,0.6999999999999998,0.2,0.2857142857142858,3
claude_sonnet_4_20250514,hierarchical,4,0.9666666666666667,0.05773502691896256,0.059725889916168166,3
claude_sonnet_4_20250514,multihop,1,1.0,0.0,0.0,3
claude_sonnet_4_20250514,multihop,2,0.9333333333333332,0.05773502691896257,0.06185895741317419,3
claude_sonnet_4_20250514,multihop,3,0.9,0.0,0.0,3
claude_sonnet_4_20250514,multihop,4,0.8000000000000002,0.10000000000000003,0.12500000000000003,3
claude_sonnet_4_20250514,temporal,1,0.8518518518518517,0.25660011963983365,0.30122622740328303,3
claude_sonnet_4_20250514,temporal,2,0.7666666666666666,0.23094010767585033,0.30122622740328303,3
claude_sonnet_4_20250514,temporal,3,0.8333333333333334,0.05773502691896256,0.06928203230275506,3
claude_sonnet_4_20250514,temporal,4,0.9,0.09999999999999998,0.11111111111111108,3
claude_sonnet_4_20250514,weighted,1,1.0,0.0,0.0,3
claude_sonnet_4_20250514,weighted,2,0.7333333333333334,0.11547005383792519,0.15745916432444343,3
claude_sonnet_4_20250514,weighted,3,0.6666666666666666,0.05773502691896257,0.08660254037844385,3
claude_sonnet_4_20250514,weighted,4,0.6666666666666666,0.05773502691896257,0.08660254037844385,3
claude_sonnet_4_5_20250929,conflicting,1,0.9333333333333332,0.11547005383792514,0.12371791482634838,3
claude_sonnet_4_5_20250929,conflicting,2,0.9,0.09999999999999998,0.11111111111111108,3
claude_sonnet_4_5_20250929,conflicting,3,0.9333333333333332,0.05773502691896257,0.06185895741317419,3
claude_sonnet_4_5_20250929,conflicting,4,0.8333333333333334,0.1527525231651947,0.18330302779823363,3
claude_sonnet_4_5_20250929,hierarchical,1,1.0,0.0,0.0,3
claude_sonnet_4_5_20250929,hierarchical,2,1.0,0.0,0.0,3
claude_sonnet_4_5_20250929,hierarchical,3,0.9666666666666667,0.05773502691896256,0.059725889916168166,3
claude_sonnet_4_5_20250929,hierarchical,4,1.0,0.0,0.0,3
claude_sonnet_4_5_20250929,multihop,1,1.0,0.0,0.0,3
claude_sonnet_4_5_20250929,multihop,2,0.9333333333333332,0.05773502691896257,0.06185895741317419,3
claude_sonnet_4_5_20250929,multihop,3,0.8666666666666667,0.05773502691896256,0.06661733875264911,3
claude_sonnet_4_5_20250929,multihop,4,0.9,0.0,0.0,3
claude_sonnet_4_5_20250929,temporal,1,0.7777777777777777,0.3849001794597505,0.4948716593053936,3
claude_sonnet_4_5_20250929,temporal,2,0.7333333333333333,0.1527525231651947,0.2082988952252655,3
claude_sonnet_4_5_20250929,temporal,3,0.8666666666666667,0.11547005383792512,0.13323467750529822,3
claude_sonnet_4_5_20250929,temporal,4,0.9,0.09999999999999998,0.11111111111111108,3
claude_sonnet_4_5_20250929,weighted,1,1.0,0.0,0.0,3
claude_sonnet_4_5_20250929,weighted,2,0.7666666666666666,0.05773502691896263,0.07530655685082083,3
claude_sonnet_4_5_20250929,weighted,3,0.7333333333333334,0.11547005383792519,0.15745916432444343,3
claude_sonnet_4_5_20250929,weighted,4,0.7000000000000001,0.17320508075688776,0.24743582965269678,3
gemini_2_0_flash,conflicting,1,0.8000000000000002,1.3597399555105182e-16,1.6996749443881474e-16,3
gemini_2_0_flash,conflicting,2,0.9333333333333332,0.05773502691896257,0.06185895741317419,3
gemini_2_0_flash,conflicting,3,0.7666666666666666,0.05773502691896263,0.07530655685082083,3
gemini_2_0_flash,conflicting,4,0.5,0.0,0.0,3
gemini_2_0_flash,hierarchical,1,0.9166666666666666,0.14433756729740646,0.15745916432444343,3
gemini_2_0_flash,hierarchical,2,0.8333333333333334,0.1527525231651947,0.18330302779823363,3
gemini_2_0_flash,hierarchical,3,0.8666666666666667,0.05773502691896256,0.06661733875264911,3
gemini_2_0_flash,hierarchical,4,0.9,0.0,0.0,3
gemini_2_0_flash,multihop,1,1.0,0.0,0.0,3
gemini_2_0_flash,multihop,2,0.7333333333333334,0.05773502691896263,0.07872958216222176,3
gemini_2_0_flash,multihop,3,0.5,0.19999999999999998,0.39999999999999997,3
gemini_2_0_flash,multihop,4,0.3333333333333333,0.15275252316519466,0.458257569495584,3
gemini_2_0_flash,temporal,1,0.7444444444444445,0.3595264374969653,0.482945960816819,3
gemini_2_0_flash,temporal,2,0.7999999999999999,0.10000000000000003,0.12500000000000006,3
gemini_2_0_flash,temporal,3,0.9333333333333332,0.05773502691896257,0.06185895741317419,3
gemini_2_0_flash,temporal,4,0.9,0.09999999999999998,0.11111111111111108,3
gemini_2_0_flash,weighted,1,1.0,0.0,0.0,3
gemini_2_0_flash,weighted,2,0.5333333333333333,0.20816659994661327,0.3903123748998999,3
gemini_2_0_flash,weighted,3,0.4666666666666666,0.05773502691896257,0.12371791482634838,3
gemini_2_0_flash,weighted,4,0.6666666666666666,0.1527525231651947,0.22912878474779205,3
gemini_2_5_flash,conflicting,1,0.9666666666666667,0.05773502691896256,0.059725889916168166,3
gemini_2_5_flash,conflicting,2,0.9666666666666667,0.05773502691896256,0.059725889916168166,3
gemini_2_5_flash,conflicting,3,1.0,0.0,0.0,3
gemini_2_5_flash,conflicting,4,0.8333333333333334,0.11547005383792519,0.1385640646055102,3
gemini_2_5_flash,hierarchical,1,0.75,0.25,0.3333333333333333,3
gemini_2_5_flash,hierarchical,2,0.9333333333333332,0.05773502691896257,0.06185895741317419,3
gemini_2_5_flash,hierarchical,3,0.8666666666666667,0.05773502691896256,0.06661733875264911,3
gemini_2_5_flash,hierarchical,4,0.9,0.0,0.0,3
gemini_2_5_flash,multihop,1,1.0,0.0,0.0,3
gemini_2_5_flash,multihop,2,0.8000000000000002,0.10000000000000003,0.12500000000000003,3
gemini_2_5_flash,multihop,3,0.7000000000000001,0.10000000000000003,0.1428571428571429,3
gemini_2_5_flash,multihop,4,0.5,0.09999999999999998,0.19999999999999996,3
gemini_2_5_flash,temporal,1,0.7814814814814816,0.29613421492800995,0.3789395167325246,3
gemini_2_5_flash,temporal,2,0.7333333333333334,0.11547005383792519,0.15745916432444343,3
gemini_2_5_flash,temporal,3,0.8666666666666667,0.11547005383792514,0.13323467750529822,3
gemini_2_5_flash,temporal,4,0.9,0.09999999999999998,0.11111111111111108,3
gemini_2_5_flash,weighted,1,0.9333333333333332,0.11547005383792512,0.12371791482634836,3
gemini_2_5_flash,weighted,2,0.7333333333333334,0.11547005383792519,0.15745916432444343,3
gemini_2_5_flash,weighted,3,0.6666666666666666,0.2516611478423583,0.3774917217635375,3
gemini_2_5_flash,weighted,4,0.6333333333333333,0.11547005383792512,0.18232113763882915,3
gemini_3_flash_preview,conflicting,1,0.9666666666666667,0.05773502691896256,0.059725889916168166,3
gemini_3_flash_preview,conflicting,2,0.9333333333333332,0.05773502691896257,0.06185895741317419,3
gemini_3_flash_preview,conflicting,3,0.9,0.09999999999999998,0.11111111111111108,3
gemini_3_flash_preview,conflicting,4,0.9,0.09999999999999998,0.11111111111111108,3
gemini_3_flash_preview,hierarchical,1,1.0,0.0,0.0,3
gemini_3_flash_preview,hierarchical,2,1.0,0.0,0.0,3
gemini_3_flash_preview,hierarchical,3,1.0,0.0,0.0,3
gemini_3_flash_preview,hierarchical,4,1.0,0.0,0.0,3
gemini_3_flash_preview,multihop,1,1.0,0.0,0.0,3
gemini_3_flash_preview,multihop,2,0.8666666666666667,0.05773502691896257,0.06661733875264911,3
gemini_3_flash_preview,multihop,3,0.9333333333333332,0.11547005383792514,0.12371791482634838,3
gemini_3_flash_preview,multihop,4,0.5666666666666665,0.15275252316519464,0.26956327617387293,3
gemini_3_flash_preview,temporal,1,0.8518518518518517,0.25660011963983365,0.30122622740328303,3
gemini_3_flash_preview,temporal,2,0.7333333333333333,0.1527525231651947,0.2082988952252655,3
gemini_3_flash_preview,temporal,3,0.8000000000000002,1.3597399555105182e-16,1.6996749443881474e-16,3
gemini_3_flash_preview,temporal,4,0.8666666666666667,0.11547005383792512,0.13323467750529822,3
gemini_3_flash_preview,weighted,1,1.0,0.0,0.0,3
gemini_3_flash_preview,weighted,2,0.8000000000000002,0.10000000000000003,0.12500000000000003,3
gemini_3_flash_preview,weighted,3,0.8666666666666667,0.05773502691896257,0.06661733875264911,3
gemini_3_flash_preview,weighted,4,0.7000000000000001,0.10000000000000003,0.1428571428571429,3
gemini_3_pro_preview,conflicting,1,1.0,0.0,0.0,3
gemini_3_pro_preview,conflicting,2,0.9666666666666667,0.05773502691896256,0.059725889916168166,3
gemini_3_pro_preview,conflicting,3,1.0,0.0,0.0,3
gemini_3_pro_preview,conflicting,4,1.0,0.0,0.0,3
gemini_3_pro_preview,hierarchical,1,0.8333333333333334,0.28867513459481287,0.3464101615137754,3
gemini_3_pro_preview,hierarchical,2,0.9666666666666667,0.05773502691896257,0.05972588991616817,3
gemini_3_pro_preview,hierarchical,3,0.9333333333333332,0.05773502691896257,0.06185895741317419,3
gemini_3_pro_preview,hierarchical,4,1.0,0.0,0.0,3
gemini_3_pro_preview,multihop,1,1.0,0.0,0.0,3
gemini_3_pro_preview,multihop,2,0.8666666666666667,0.05773502691896257,0.06661733875264911,3
gemini_3_pro_preview,multihop,3,0.9,0.0,0.0,3
gemini_3_pro_preview,multihop,4,0.9,0.09999999999999998,0.11111111111111108,3
gemini_3_pro_preview,temporal,1,0.7777777777777777,0.3849001794597505,0.4948716593053936,3
gemini_3_pro_preview,temporal,2,0.7000000000000001,0.2,0.2857142857142857,3
gemini_3_pro_preview,temporal,3,0.8333333333333334,0.05773502691896256,0.06928203230275506,3
gemini_3_pro_preview,temporal,4,0.9333333333333332,0.11547005383792512,0.12371791482634836,3
gemini_3_pro_preview,weighted,1,1.0,0.0,0.0,3
gemini_3_pro_preview,weighted,2,0.8,0.14142135623730953,0.1767766952966369,2
gemini_3_pro_preview,weighted,3,0.9,0.09999999999999998,0.11111111111111108,3
gemini_3_pro_preview,weighted,4,0.8000000000000002,0.10000000000000003,0.12500000000000003,3
gpt_4o,conflicting,1,0.8333333333333334,0.11547005383792519,0.1385640646055102,3
gpt_4o,conflicting,2,0.8333333333333334,0.05773502691896257,0.06928203230275508,3
gpt_4o,conflicting,3,0.7333333333333333,0.1527525231651947,0.2082988952252655,3
gpt_4o,conflicting,4,0.5666666666666667,0.32145502536643183,0.5672735741760562,3
gpt_4o,hierarchical,1,1.0,0.0,0.0,3
gpt_4o,hierarchical,2,0.9666666666666667,0.05773502691896257,0.05972588991616817,3
gpt_4o,hierarchical,3,0.8666666666666667,0.1527525231651947,0.17625291134445542,3
gpt_4o,hierarchical,4,0.9666666666666667,0.05773502691896256,0.059725889916168166,3
gpt_4o,multihop,1,1.0,0.0,0.0,3
gpt_4o,multihop,2,0.7333333333333334,0.2516611478423583,0.3431742925123068,3
gpt_4o,multihop,3,0.4666666666666666,0.3214550253664318,0.6888321972137824,3
gpt_4o,multihop,4,0.4000000000000001,0.1,0.24999999999999997,3
gpt_4o,temporal,1,0.7037037037037037,0.27962349760262034,0.39735970711951313,3
gpt_4o,temporal,2,0.6666666666666666,0.2081665999466133,0.31224989991991997,3
gpt_4o,temporal,3,0.8333333333333334,0.2081665999466133,0.24979991993593595,3
gpt_4o,temporal,4,0.7666666666666666,0.2516611478423583,0.3282536710987283,3
gpt_4o,weighted,1,1.0,0.0,0.0,3
gpt_4o,weighted,2,0.5333333333333333,0.05773502691896256,0.1082531754730548,3
gpt_4o,weighted,3,0.5,0.17320508075688773,0.34641016151377546,3
gpt_4o,weighted,4,0.5666666666666667,0.11547005383792512,0.20377068324339728,3
gpt_5_2,conflicting,1,0.7999999999999999,0.2,0.25000000000000006,3
gpt_5_2,conflicting,2,0.9666666666666667,0.05773502691896256,0.059725889916168166,3
gpt_5_2,conflicting,3,0.8000000000000002,0.10000000000000003,0.12500000000000003,3
gpt_5_2,conflicting,4,0.6999999999999998,1.3597399555105182e-16,1.9424856507293121e-16,3
gpt_5_2,hierarchical,1,0.9444444444444445,0.0962250448649376,0.10188534162169863,3
gpt_5_2,hierarchical,2,0.9,0.09999999999999998,0.11111111111111108,3
gpt_5_2,hierarchical,3,0.9,0.0,0.0,3
gpt_5_2,hierarchical,4,0.9666666666666667,0.05773502691896256,0.059725889916168166,3
gpt_5_2,multihop,1,1.0,0.0,0.0,3
gpt_5_2,multihop,2,0.7666666666666666,0.05773502691896263,0.07530655685082083,3
gpt_5_2,multihop,3,0.7000000000000001,0.17320508075688776,0.24743582965269678,3
gpt_5_2,multihop,4,0.5666666666666667,0.05773502691896257,0.10188534162169866,3
gpt_5_2,temporal,1,0.7444444444444445,0.3595264374969653,0.482945960816819,3
gpt_5_2,temporal,2,0.8333333333333334,0.2081665999466133,0.24979991993593595,3
gpt_5_2,temporal,3,0.9333333333333332,0.11547005383792512,0.12371791482634836,3
gpt_5_2,temporal,4,0.9,0.17320508075688776,0.1924500897298753,3
gpt_5_2,weighted,1,0.9333333333333332,0.11547005383792512,0.12371791482634836,3
gpt_5_2,weighted,2,0.5333333333333333,0.15275252316519464,0.28641098093473993,3
gpt_5_2,weighted,3,0.5666666666666667,0.11547005383792512,0.20377068324339728,3
gpt_5_2,weighted,4,0.7333333333333334,0.11547005383792519,0.15745916432444343,3
gpt_5_mini,conflicting,1,0.9,0.09999999999999998,0.11111111111111108,3
gpt_5_mini,conflicting,2,0.9333333333333332,0.05773502691896257,0.06185895741317419,3
gpt_5_mini,conflicting,3,0.7666666666666666,0.11547005383792519,0.15061311370164157,3
gpt_5_mini,conflicting,4,0.6333333333333334,0.20816659994661327,0.32868410517886304,3
gpt_5_mini,hierarchical,1,1.0,0.0,0.0,3
gpt_5_mini,hierarchical,2,0.9666666666666667,0.05773502691896256,0.059725889916168166,3
gpt_5_mini,hierarchical,3,1.0,0.0,0.0,3
gpt_5_mini,hierarchical,4,1.0,0.0,0.0,3
gpt_5_mini,multihop,1,0.7555555555555555,0.2143033502442879,0.2836367870880281,3
gpt_5_mini,multihop,2,0.7666666666666666,0.05773502691896263,0.07530655685082083,3
gpt_5_mini,multihop,3,0.5666666666666667,0.05773502691896257,0.10188534162169866,3
gpt_5_mini,multihop,4,0.5666666666666667,0.11547005383792514,0.2037706832433973,3
gpt_5_mini,temporal,1,0.8148148148148149,0.3207501495497921,0.39364791081110845,3
gpt_5_mini,temporal,2,0.6333333333333333,0.11547005383792512,0.18232113763882915,3
gpt_5_mini,temporal,3,0.8333333333333334,0.1527525231651947,0.18330302779823363,3
gpt_5_mini,temporal,4,0.9,0.17320508075688776,0.1924500897298753,3
gpt_5_mini,weighted,1,0.9333333333333332,0.11547005383792512,0.12371791482634836,3
gpt_5_mini,weighted,2,0.6666666666666666,0.11547005383792519,0.17320508075688779,3
gpt_5_mini,weighted,3,0.4666666666666666,0.11547005383792512,0.24743582965269673,3
gpt_5_mini,weighted,4,0.4666666666666666,0.15275252316519466,0.3273268353539886,3
gpt_5_nano,conflicting,1,0.4333333333333333,0.15275252316519466,0.3525058226889108,3
gpt_5_nano,conflicting,2,0.3666666666666667,0.15275252316519466,0.41659779045053086,3
gpt_5_nano,conflicting,3,0.26666666666666666,0.11547005383792516,0.43301270189221935,3
gpt_5_nano,conflicting,4,0.13333333333333333,0.11547005383792516,0.8660254037844387,3
gpt_5_nano,hierarchical,1,0.6527777777777778,0.16839382851364085,0.25796501389323706,3
gpt_5_nano,hierarchical,2,0.5333333333333333,0.2516611478423584,0.471864652204422,3
gpt_5_nano,hierarchical,3,0.7333333333333334,0.05773502691896263,0.07872958216222176,3
gpt_5_nano,hierarchical,4,0.5666666666666668,0.15275252316519464,0.2695632761738728,3
gpt_5_nano,multihop,1,0.45555555555555555,0.3948745698648191,0.8667978362886274,3
gpt_5_nano,multihop,2,0.43333333333333335,0.11547005383792516,0.26646935501059654,3
gpt_5_nano,multihop,3,0.20000000000000004,0.2,0.9999999999999999,3
gpt_5_nano,multihop,4,0.3333333333333333,0.15275252316519466,0.458257569495584,3
gpt_5_nano,temporal,1,0.7111111111111111,0.23517789431685251,0.33071891388307384,3
gpt_5_nano,temporal,2,0.6333333333333333,0.20816659994661327,0.3286841051788631,3
gpt_5_nano,temporal,3,0.5666666666666667,0.05773502691896257,0.10188534162169866,3
gpt_5_nano,temporal,4,0.7666666666666666,0.23094010767585033,0.30122622740328303,3
gpt_5_nano,weighted,1,0.9333333333333332,0.11547005383792512,0.12371791482634836,3
gpt_5_nano,weighted,2,0.5333333333333333,0.15275252316519464,0.28641098093473993,3
gpt_5_nano,weighted,3,0.26666666666666666,0.20816659994661327,0.7806247497997998,3
gpt_5_nano,weighted,4,0.5333333333333333,0.15275252316519464,0.28641098093473993,3
